type,size,risk,r,angle,z
,,,,,0
,,,,,0
,,,,,0
,,,,,0
,,,,,0
,,,,,0
,,,,,0
,,,,,0
,,,,,0
,,,,,0
,,,,,0
,,,,,0
,,,,,0
,,,,,0
,,,,,0
,,,,,0
,,,,,0
,,,,,0
,,,,,0
,,,,,0
,,,,,0
,,,,,0
,,,,,0
,,,,,0
,,,,,0
,,,,,0
,,,,,0
,,,,,0
,,,,,0
,,,,,0
,,,,,0
,,,,,0
,,,,,0
,,,,,0
,,,,,0
,,,,,0
,,,,,0
,,,,,0
,,,,,0
,,,,,0
,,,,,0
,,,,,0
,,,,,0
,,,,,0
,,,,,0
,,,,,0
,,,,,0
,,,,,0
,,,,,0
,,,,,0
,,,,,0
,,,,,0
,,,,,0
,,,,,0
,,,,,0
,,,,,0
,,,,,0
,,,,,0
,,,,,0
,,,,,0
,,,,,0
,,,,,0
,,,,,0
,,,,,0
,,,,,0
,,,,,0
,,,,,0
,,,,,0
,,,,,0
,,,,,0
,,,,,0
,,,,,0
,,,,,0
,,,,,0
,,,,,0
